country,continent,pop,smoke_pct,lung_cancer_pct
Myanmar,Asia,41335188,38.191326,0.024006045280726
Solomon Islands,Oceania,311869,35.0090685,0.029120944044542
Cambodia,Asia,8975597,25.4625239,0.02313606316176
Maldives,Asia,223159,29.9816596,0.0128604958681
Papua New Guinea,Oceania,4615843,36.5350095,0.017547491719357
United States of America,North America,249623000,26.5693077,0.099047756170792
Czech Republic,Europe,10333355,36.252497500000004,0.05990622179868099
Republic of Moldova,Europe,2969097,21.957316199999998,0.035391633938203
Portugal,Europe,9983218,28.7121723,0.022246008855274
Greece,Europe,10196792,43.0031265,0.055056342329568
North Macedonia,Europe,1996218,39.04724,0.034736978680826
Kazakhstan,Asia,16348000,28.0797103,0.049015310620637
Vietnam,Asia,67988855,29.4386182,0.02164964665936
Samoa,Oceania,162797,30.939763399999997,0.011581547739268
New Zealand,Oceania,3329800,28.0081403,0.053065531002271994
Latvia,Europe,2663151,36.9208614,0.044766081332126
Montenegro,Europe,606372,36.6580872,0.06138296182599
Australia,Oceania,17065100,29.302538500000004,0.059913100760958
Kyrgyz Republic,Asia,4391200,23.7599995,0.030427941681955
Mongolia,Asia,2184139,26.0269605,0.039417187946635
Grenada,North America,96328,10.768262400000001,0.015524495380741
Belize,North America,187554,13.1752764,0.010664772057187999
Timor-Leste,Asia,737814,35.3060938,0.015806893365581002
Germany,Europe,79433029,32.7286293,0.051599041003406995
Lithuania,Europe,3697838,30.2213705,0.042386196573936
Costa Rica,North America,3119436,21.1297704,0.012485416767090002
Andorra,Europe,54508,36.6421187,0.060861811710164
Argentina,South America,32618648,30.364087499999997,0.034433529384744
United Kingdom,Europe,57247586,32.5879913,0.067194821839636
Romania,Europe,23201835,34.3247539,0.031871907054473
Tonga,Oceania,95069,33.471825700000004,0.026075216682168997
Marshall Islands,Oceania,47265,21.2150511,0.026555385182647002
Botswana,Africa,1286756,23.552194800000002,0.018354346962716
Uzbekistan,Asia,20510000,9.5472688,0.020671445547006
Sri Lanka,Asia,17325769,23.3433842,0.007996254603235775
Armenia,Europe,3538164,30.526125599999997,0.044058749432398
Antigua and Barbuda,North America,62533,6.804732199999999,0.010462149302309001
Iceland,Europe,254826,30.7859208,0.056359393591142004
Mauritius,Africa,1058775,26.3494181,0.014463273946288999
Spain,Europe,38867322,41.2299089,0.051355641158875004
Poland,Europe,38110782,41.1484427,0.049552643090131
Italy,Europe,56719240,32.6755999,0.051637660363113
Barbados,North America,260933,10.372139800000001,0.010398670460099
Turkmenistan,Asia,3683978,22.0268572,0.019481559595045
Cyprus,Europe,766616,35.8682984,0.021930458951415002
Republic of Korea,Asia,42869283,31.2837676,0.030293709536654
Republic of Korea,Asia,20293057,31.2837676,0.030293709536654
Kiribati,Oceania,72394,46.9154737,0.019489351520822998
Sweden,Europe,8558835,24.7034805,0.025265084515312997
Jamaica,North America,2419901,17.843398999999998,0.017099773153940002
Colombia,South America,33102569,23.0729064,0.016261350191564
Thailand,Asia,56558196,29.3465601,0.029872283640969
Algeria,Africa,25758872,18.8900672,0.011763009573498
Democratic Republic of the Congo,Africa,34612023,11.7117962,0.013572372114594
Israel,Asia,4660000,32.1634387,0.027470662425970002
Ethiopia,Africa,47887864,6.8601678,0.0059559575250298785
El Salvador,North America,5270074,7.6011348000000005,0.009155699612606838
Brunei Darussalam,Asia,258714,26.6141201,0.050279658776130005
Uganda,Africa,17354395,11.5670797,0.005567830221307902
United Arab Emirates,Asia,1828437,17.1947976,0.017811503186237
Kenya,Africa,23724574,16.7351925,0.0043294283870142555
Nigeria,Africa,95212454,7.6104771,0.005862516001698556
Angola,Africa,11848385,12.464700200000001,0.013907877947632999
Sao Tome and Principe,Africa,119211,3.8052181,0.013111798591352
Lebanon,Asia,2803032,27.3091055,0.021607721363483
Malaysia,Asia,18029824,28.0980026,0.016698297478956
Malawi,Africa,9404499,13.4865124,0.005135684333551117
Afghanistan,Asia,12412311,3.1186393999999997,0.012736319403529
Libya,Africa,4436663,22.014398099999998,0.020391645998549
Albania,Europe,3286542,24.2299502,0.032675451884339
Saint Vincent and the Grenadines,North America,107489,12.7583801,0.009753181104688776
Brazil,South America,149003225,33.1104899,0.017968970514833
Madagascar,Africa,11598647,22.0040017,0.00658518271212156
Azerbaijan,Europe,7175200,21.7749156,0.030616086551788
Croatia,Europe,4777368,42.0150015,0.061751388831269995
Belarus,Europe,10189348,34.1311017,0.040867500007963
Congo,Africa,2356740,8.4382895,0.017499047730099
Cameroon,Africa,11780086,11.8496699,0.010544127061882999
Palau,Oceania,15063,24.264222399999998,0.043496014839926
Belgium,Europe,9967379,35.3962407,0.06629437555882099
Chad,Africa,5963250,13.020530299999999,0.007596762874814857
Paraguay,South America,4223413,27.6340456,0.010983442946541
Burkina Faso,Africa,8811033,11.8482266,0.007768831277684093
Zambia,Africa,8036849,15.6809658,0.009342733111822828
Japan,Asia,123478000,35.0736107,0.056574879939186
Bulgaria,Europe,8718289,46.070534699999996,0.034737254824014
Morocco,Africa,24807461,17.371136800000002,0.015229568100802999
Niger,Africa,8026592,6.8918754,0.007923842377868749
Slovak Republic,Europe,5299187,33.7376605,0.06985626582571701
Chile,South America,13274617,39.5104528,0.020372302107716
Denmark,Europe,5140939,44.6067235,0.07110291003144201
Guyana,South America,743306,13.977998699999999,0.008510066430813003
Nicaragua,North America,4173435,16.882501899999998,0.007612173501101355
Nepal,Asia,18905480,39.6925297,0.006901438305439577
Slovenia,Europe,1998161,28.2108087,0.046258704215403
Honduras,North America,4955302,17.678421999999998,0.014111425145462
Eswatini,Africa,822423,12.0929534,0.016234126715347002
Saint Lucia,North America,138019,13.860082600000002,0.014241411340342
Cuba,North America,10596986,33.1437674,0.036825533541228
Equatorial Guinea,Africa,419188,13.3943277,0.012413125381922999
Bangladesh,Asia,103171957,28.1485916,0.009023834723473335
Fiji,Oceania,728575,34.0615481,0.010352509244732
Finland,Europe,4986431,30.2769695,0.050654023568682996
Luxembourg,Europe,381850,33.911942,0.057005285684707
Somalia,Africa,7225089,13.6832757,0.006363022570263908
Norway,Europe,4241473,39.5993694,0.041247808005574003
Gambia,Africa,955595,18.8841598,0.005737326834075675
Bolivia,South America,6864839,13.420680099999998,0.012528150624955
Canada,North America,27691138,32.483823699999995,0.081972985412604
Oman,Asia,1812158,14.2130636,0.00907458632096297
Rwanda,Africa,7288883,14.9948446,0.008364997040383636
Suriname,South America,405169,26.8194474,0.013596222424143
Saint Kitts and Nevis,North America,40260,6.553403200000001,0.013744371127585
Sierra Leone,Africa,4319763,22.6728492,0.00903919564081274
Mexico,North America,83943135,30.9920185,0.014312096546711998
San Marino,Europe,24124,32.4511339,0.049923372447979
Côte d'Ivoire,Africa,11924873,12.064741,0.011192473294671
South Africa,Africa,36800507,31.8946026,0.022837986237589
Namibia,Africa,1432899,21.8552102,0.006058149418377408
Dominican Republic,North America,7133491,13.2445323,0.011407120235158
Djibouti,Africa,590393,21.7030021,0.008773838784044074
Panama,North America,2470946,13.909158099999999,0.015456778660493999
Monaco,Europe,29433,33.9311851,0.069403273810224
Egypt,Africa,56134478,20.019709,0.006795972007055549
Mali,Africa,8449915,9.278445,0.005871003157419775
Togo,Africa,3774310,13.358673,0.009714857172584789
Iraq,Asia,17419113,25.768311999999998,0.015984309018694
Ecuador,South America,10230931,16.4145753,0.008579582989618119
Malta,Europe,354170,33.846605600000004,0.032124819384804
Guinea,Africa,6352282,16.2195413,0.00805766150214885
Tunisia,Africa,8242509,27.3744957,0.019411945378514
Guinea-Bissau,Africa,975265,3.9253717,0.01294817139102
Qatar,Asia,476275,17.356849099999998,0.017192521453147
Liberia,Africa,2075917,9.136842000000001,0.008983715705393273
Saudi Arabia,Asia,16233786,10.4381362,0.007452567431089448
Seychelles,Africa,69507,25.9066798,0.01879837439828
Benin,Africa,4978489,10.1786633,0.009298928224850272
Burundi,Africa,5438959,15.3410143,0.007712169175778164
Comoros,Africa,411598,15.023931099999999,0.007308678153482731
Iran,Asia,56366212,14.6638837,0.011267878171352
Jordan,Asia,3565888,30.2059413,0.012966647307373
Turkey,Asia,53921758,35.8346378,0.03967602878536
Pakistan,Asia,107647918,24.6299147,0.013868004649431
Peru,South America,22071433,8.3252503,0.015230692841117999
Guatemala,North America,9050115,14.1054991,0.009075822644437357
Kuwait,Asia,2095350,26.0206506,0.012858296661038
Venezuela,South America,19632665,26.2337719,0.019995981047633
Syrian Arab Republic,Asia,12446168,29.708496099999998,0.010483139321783
Eritrea,Africa,2258649,8.1028422,0.006369888885662358
Lesotho,Africa,1703757,16.3489916,0.01216625921854
Mozambique,Africa,12987292,15.003069199999999,0.004935863958548217
Central African Republic,Africa,2806740,10.8442355,0.013914658378638001
United Republic of Tanzania,Africa,25203848,16.188454099999998,0.007782537433257753
Philippines,Asia,61895169,35.3331645,0.023268027091369
Yemen,Asia,11709987,20.8063418,0.009295354457546173
China,Asia,1135185000,33.396704,0.032339010688767995
Tajikistan,Asia,5283811,16.489012,0.021996506908662
Bahamas,North America,256227,7.450599700000001,0.01842246944701
Bhutan,Asia,530801,11.3702707,0.005968319813396748
India,Asia,873277799,22.517221000000003,0.006382436948724646
Estonia,Europe,1569174,32.3052987,0.04567414152455
Hungary,Europe,10373988,37.850781100000006,0.059519199742505004
Russian Federation,Asia,147969407,32.632665100000004,0.040652938603642
Serbia,Europe,7586000,36.40734,0.046092315679616
Ukraine,Europe,51891400,35.554419100000004,0.06026688315198
Micronesia,Oceania,96304,46.5430899,0.027163008892918998
Vanuatu,Oceania,146575,25.714545500000003,0.019813266291244
Georgia,Europe,4802000,26.483788800000003,0.037047452951056
Haiti,North America,7037915,11.7739864,0.013351545501054
Cabo Verde,Africa,337953,10.0637306,0.010714171671687
Switzerland,Europe,6715519,33.4036986,0.057112469297521
France,Europe,58235716,37.9425974,0.044200247603929
Bahrain,Asia,495927,16.77078,0.037292961371614
Ireland,Europe,3513974,33.6634153,0.048784933012669
Netherlands,Europe,14951510,40.7778835,0.068312642263179
Singapore,Asia,3047132,20.1061616,0.059193523986049996
Mauritania,Africa,2034347,22.978966500000002,0.010272213888550999
Senegal,Africa,7526306,15.630809900000001,0.010210067867336
Austria,Europe,7677850,35.3890233,0.043937784249933
South Sudan,Africa,5492620,15.169469099999999,0.009341074302644397
Zimbabwe,Africa,10432409,18.1278032,0.013367449661093
Gabon,Africa,949493,10.8521579,0.018572570926465
Bosnia and Herzegovina,Europe,4463422,29.9035227,0.04317324912389
Indonesia,Asia,181413398,28.4533918,0.01680813981993
Ghana,Africa,14773274,6.548547200000001,0.00781913073752498
Uruguay,South America,3109598,34.082676299999996,0.050348154990491
Trinidad and Tobago,North America,1221121,21.0074097,0.012489790759842
Tuvalu,Oceania,8910,30.2756659,0.023714496783537
Sudan,Africa,20147592,12.2117032,0.007570230272819405
Dominica,North America,70422,11.1877011,0.017091043189876
Lao People's Democratic Republic,Asia,4258471,24.3652224,0.024974344463353
Nauru,Oceania,9506,44.3079434,0.039879605069001
